name,y,x,icon,color,shape,resourceId,pinId,hidden
Roshan,-56.326441468974316,57.08401265557993,fas fa-paw,#FFFFFF,pin-icon,clsgx8kxh03cx356hzm5h5ulh,clsi3dd3a03xk356hqn3yls61,False
Ursa,-20.700596563092503,65.14351000058906,fas fa-helmet-battle,#FFFFFF,pin-icon,cls09vdij01uw356fqx26wno0,cls3pfpjz08h7356f5ceusjf6,False
Tiny,-32.84532062056018,73.88142594966706,fas fa-helmet-battle,#FFFFFF,pin-icon,cls09vnf201wg356fto6oaukm,cls3ou8nj08f5356fodvfsw73,False
Batrider,-48.6476865409746,31.761426137942074,fas fa-helmet-battle,#000000,pin-medium,cls07zfkb00qq356flc1l2j34,cls1za9cg07ov356ff6p64e53,False
Alchemist,-31.483107773560697,59.286914771459585,fas fa-helmet-battle,#FFFFFF,pin-icon,clrzgsjr400bu356f6i107hh4,cls1yjol907nm356f64iq1h2t,False
Invoker,-26.637435615617555,78.9366848986669,fas fa-helmet-battle,#FFFFFF,pin-icon,cls07vcww00e4356fa5t6q0vg,cls12as5m06x5356fqjey675m,False
Timbersaw,-30.894486850236543,61.494149365890216,fas fa-helmet-battle,#FFFFFF,pin-icon,cls09vscw01x6356f4ydvqidv,cls11vsfq06r0356f5ud7as7h,False
Grimstroke,-60.40674377579853,106.49170088174812,fas fa-helmet-battle,#FFFFFF,pin-icon,cls07viqx00f4356f3v19m47z,cls11jf5806j6356f0n1sltvf,False
Winter Wyvern,-24.13399062043493,69.96508473053095,fas fa-helmet-battle,#FFFFFF,pin-icon,cls09v08m01sp356fxyyvtxgg,cls0xzt3r060x356fzix1pmay,False
Bristleback,-43.64826837398252,77.4054817801766,fas fa-helmet-battle,#FFFFFF,pin-icon,cls07y5fi00mp356fynxydj30,cls0xzolp060w356fyws9lxez,False
Lone Druid,-23.453846670591517,64.44988550850216,fas fa-helmet-battle,#FFFFFF,pin-icon,cls0xxtsb05y0356frsp4sv7h,cls0xynuq0606356fw4f4ks5x,False
Nature's Prophet,-28.72293003220386,67.30932708888935,fas fa-helmet-battle,#FFFFFF,pin-icon,cls080eer00s7356foxdgo73m,cls0xx9sf05xr356fjw8c8l2w,False
Enchantress,-28.947829931784874,66.08844191973527,fas fa-helmet-battle,#FFFFFF,pin-icon,cls07wfl900fw356fgv49wn0o,cls0xx67n05xn356f90m6ay8l,False
Treant Protector,-30.265100772187957,65.02819953599621,fas fa-helmet-battle,#FFFFFF,pin-icon,cls09vlaj01w4356fa88d9qje,cls0xx1uk05xm356f9mczw9ut,False
Clockwerk,-28.851444260535867,60.65871577270792,fas fa-helmet-battle,#FFFFFF,pin-icon,cls07xy8x00l7356f9sqo4xq4,cls0xwwur05xj356f0lv46b63,False
Leshrac,-22.554247072267458,61.783215270613,fas fa-helmet-battle,#FFFFFF,pin-icon,cls0813un00xl356faa8qvhn6,cls0xwl3s05x9356fnyrwzuhj,False
Drow Ranger,-19.726934048963276,60.59445865854192,fas fa-helmet-battle,#FFFFFF,pin-icon,cls07woas00hj356fyjbkw4ao,cls0xw7t705x6356fpbr4307o,False
Sniper,-34.730970206725246,63.58241446726111,fas fa-helmet-battle,#FFFFFF,pin-icon,cls09w9qh01zc356f1fdot5cf,cls0xvuz005wu356f9nsk6nya,False
Techies,-33.097910824487464,57.211437979318,fas fa-helmet-battle,#FFFFFF,pin-icon,cls09vzt301ya356fo221n4u8,cls0xvng605wm356fnsq7avnu,False
Kunkka,-33.54221359465417,48.51412119533314,fas fa-helmet-battle,#FFFFFF,pin-icon,cls0816xw00yh356ftc13h5hx,cls0xvg1705wf356frrcbxija,False
Tidehunter,-33.039001261291496,44.888432093400255,fas fa-helmet-battle,#FFFFFF,pin-icon,cls09vtx701xi356fhf7ovkmv,cls0xuykz05w3356frsmdw2pg,False
Naga Siren,-40.552199506034555,43.415979084741856,fas fa-helmet-battle,#FFFFFF,pin-icon,cls080ghg00sj356fb8jygd04,cls0xup7l05vs356fcox25vwo,False
Slardar,-40.2249534679186,49.83139203573622,fas fa-helmet-battle,#FFFFFF,pin-icon,cls09wdev0202356fpam55a5y,cls0xuf2h05vm356fhvsmzwkc,False
Windranger,-36.01611249004533,57.1888316077437,fas fa-helmet-battle,#FFFFFF,pin-icon,cls09v2fk01t1356fpc4nx6lz,cls0xu7vg05ve356fuhkpor46,False
Marci,-39.90366789708858,60.401687316043905,fas fa-helmet-battle,#FFFFFF,pin-icon,cls080r6g00uy356fqqhxfgi1,cls0xu0lo05v4356f1bveupy4,False
Mirana,-39.90366789708858,58.98803080439181,fas fa-helmet-battle,#FFFFFF,pin-icon,cls080k5300td356fqgseghjl,cls0xtxn205v3356fppv25xcq,False
Luna,-40.48755847394133,66.00147313228433,fas fa-helmet-battle,#FFFFFF,pin-icon,cls080uif00vs356fjczyt449,cls0xtrvz05uv356fhrhk5y2s,False
Gyrocopter,-48.449864081167135,48.41773552408413,fas fa-helmet-battle,#FFFFFF,pin-icon,cls07vgy800eu356f23jbo30c,cls0xtghl05ur356fag3qtkz4,False
Venomancer,-43.01588240398545,37.60349632243059,fas fa-helmet-battle,#FFFFFF,pin-icon,cls09v96001u4356fb4k4j4sd,cls0xtagq05uh356fnhjy5vye,False
Elder Titan,-31.261086041761022,80.61054972125221,fas fa-helmet-battle,#FFFFFF,pin-icon,cls07wiyw00g9356ftw2oea2b,cls0xsq2v05ub356f7yoavs1q,False
Dragon Knight,-36.601369824703994,69.11911574334597,fas fa-helmet-battle,#FFFFFF,pin-icon,cls07xlxn00ib356f4gpc3zjm,cls0xsfn005u4356fi5rzveip,False
Slark,-35.6626983621323,80.57842116416921,fas fa-helmet-battle,#FFFFFF,pin-icon,cls09wblp01zo356f9krlvtjh,cls0xsa5805tw356fa189vn6p,False
Riki,-36.56229796045636,77.14066555628798,fas fa-helmet-battle,#FFFFFF,pin-icon,cls09wpv50222356fsws810ef,cls0xs4sd05tl356f6iqq3vbn,False
Ogre Magi,-31.283866679465998,71.44336628725685,fas fa-helmet-battle,#FFFFFF,pin-icon,cls09x4us024s356fc936b823,cls0xrqvd05t9356fhmo4yuld,False
Sven,-29.612837023207305,71.3885784296746,fas fa-helmet-battle,#FFFFFF,pin-icon,cls09w1w901yo356fy2wz3zho,cls0xrk3g05t1356fomxzv761,False
Templar Assassin,-30.894486850236543,69.54750882107493,fas fa-helmet-battle,#FFFFFF,pin-icon,cls09vw3f01xw356ft79we4f3,cls0xrdcv05sr356fvr9r2cro,False
Tinker,-30.939800470931,67.79125544513438,fas fa-helmet-battle,#FFFFFF,pin-icon,cls09vpfc01ws356fgxsb726p,cls0xr66405sk356f6r1rs56u,False
Void Spirit,-28.473823892608767,83.23356477381658,fas fa-helmet-battle,#FFFFFF,pin-icon,cls09v6n901tq356fbrd7n8bo,cls0xqy4505sc356fa7hwhux5,False
Brewmaster,-29.389331036839785,79.27671186230964,fas fa-helmet-battle,#FFFFFF,pin-icon,cls07y87j00n3356fixs82hfc,cls0xqrpd05s6356fla3vs2y8,False
Earth Spirit,-30.393615000519965,77.97600804044605,fas fa-helmet-battle,#FFFFFF,pin-icon,cls07wmkg00h3356fx2l8rgyu,cls0xqp6h05s5356fwzmj1uh4,False
Ember Spirit,-27.759073319713796,74.89166656047784,fas fa-helmet-battle,#FFFFFF,pin-icon,cls07vkuh00fi356fkjo7iclb,cls0xqjvf05ry356f4k8u3bnc,False
Storm Spirit,-24.25706059766657,79.64669300876216,fas fa-helmet-battle,#FFFFFF,pin-icon,cls09w4tm01yy356f7ggkx5jo,cls0xq9qp05rv356f8qos1kk1,False
Crystal Maiden,-26.986505884265505,68.50722891143965,fas fa-helmet-battle,#FFFFFF,pin-icon,cls07xwi300kt356fvac0i616,cls0xq1cu05rl356fdm41z92o,False
Tusk,-22.8715069261786,69.31916284044631,fas fa-helmet-battle,#FFFFFF,pin-icon,cls09vh2p01va356fb6mkzxdw,cls0xpxii05ri356f62lw63hr,False
Oracle,-13.080598251947082,77.69082598126145,fas fa-helmet-battle,#FFFFFF,pin-icon,cls09x1b50240356fwk2qn209,cls0xpjq305ra356f1nxle5fv,False
Lich,-16.581970511306654,80.8618801029456,fas fa-helmet-battle,#FFFFFF,pin-icon,cls0811rz00x9356fw3iaukko,cls0xpcfo05r6356f7g00zk4c,False
Abaddon,-20.11637458443377,88.09584731803754,fas fa-helmet-battle,#FFFFFF,pin-icon,clrzgqzvv009y356ftkt7nsob,cls0xp7gg05r3356fuctgmclg,False
Zeus,-26.3755977155986,97.87765475421699,fas fa-helmet-battle,#FFFFFF,pin-icon,cls0amh7h02nb356fsdkri02a,cls0xp1p705r2356fisdqugzn,False
Mars,-32.932718326240504,106.19728126265119,fas fa-helmet-battle,#FFFFFF,pin-icon,cls080pdh00uk356fg7zoem17,cls0xowqt05qv356ff1jmx1cm,False
Medusa,-40.39790823770526,97.64204149685752,fas fa-helmet-battle,#FFFFFF,pin-icon,cls080ntm00u6356f8cytqo89,cls0xoqh805qp356ft5tjyh8m,False
Lion,-41.388862650731554,72.96727661250279,fas fa-helmet-battle,#FFFFFF,pin-icon,cls080y1300wk356f0d5isvfu,cls0xod9b05qg356fhypes80g,False
Phantom Lancer,-65.35587101743585,101.06409127257623,fas fa-helmet-battle,#FFFFFF,pin-icon,cls09wxvi0238356f8xb38ojx,cls0xo33i05qc356f1pifz2z0,False
Anti-Mage,-65.89846846624856,105.50361317353278,fas fa-helmet-battle,#FFFFFF,pin-icon,clrzgsze500cd356fzvjd9dxx,cls0xnwhl05qb356f05ul4owl,False
Monkey King,-63.55320968875299,112.60545313355456,fas fa-helmet-battle,#FFFFFF,pin-icon,cls080ifu00sz356fq93gfomd,cls0xnslu05qa356fq9zosgyi,False
Juggernaut,-62.88182326788679,96.77406021566306,fas fa-helmet-battle,#FFFFFF,pin-icon,cls0818w000yx356fpuczvbsg,cls0xnmu605q9356f6xs988m9,False
Vengeful Spirit,-46.9382073636788,106.99004479307222,fas fa-helmet-battle,#FFFFFF,pin-icon,cls09vbjl01ug356f77gjybxu,cls0xnf3f05q3356fhaxiqwag,False
Skywrath Mage,-42.21465799492013,112.30816680964666,fas fa-helmet-battle,#FFFFFF,pin-icon,cls09wf2o020i356f4kb4egf0,cls0xn21i05pt356fy3yhkt6b,False
Omniknight,-48.3159047852957,94.37322828723643,fas fa-helmet-battle,#FFFFFF,pin-icon,cls09x31j024g356fv66i0r5r,cls0xmw6h05pp356fym9xweri,False
Jakiro,-50.31675382000763,85.76501855940424,fas fa-helmet-battle,#FFFFFF,pin-icon,cls07v2uw00dq356fccodzxqx,cls0xmlt805po356f3xohlhw4,False
Wraith King,-37.22336262835162,83.84470294999994,fas fa-helmet-battle,#FFFFFF,pin-icon,cls0amnfh02nr356f4sw5xjag,cls0xme9105pn356ff8oem19r,False
Queen of Pain,-39.14269931453862,83.80171152825694,fas fa-helmet-battle,#FFFFFF,pin-icon,cls09wsdl022g356fi05nxmti,cls0xmap205ph356fbzfyss8t,False
Legion Commander,-46.57136273423151,70.95758402557689,fas fa-helmet-battle,#FFFFFF,pin-icon,cls0815fp00y1356fwd01ks1i,cls0xlxnv05pa356fzk0vwmog,False
Beastmaster,-49.569884351792055,68.97574769615925,fas fa-helmet-battle,#FFFFFF,pin-icon,cls0xklfi05mj356fx0lviff8,cls0xlnek05p6356f4o3s27i3,False
Lycan,-49.878730983267396,73.14517722107634,fas fa-helmet-battle,#FFFFFF,pin-icon,cls080vyp00w8356fs5ibxvwp,cls0xj48v05lo356f6mob34en,False
Bounty Hunter,-45.9998771851386,61.90982237679258,fas fa-helmet-battle,#FFFFFF,pin-icon,cls07y9u900nj356fqckpkaaq,cls0xihvy05lc356fwxkhvni0,False
Pangolier,-45.80135736991297,63.61142079301226,fas fa-helmet-battle,#FFFFFF,pin-icon,cls09wzev023m356frlpntovf,cls0xidxr05l8356fncnilhbb,False
Meepo,-49.78889432440274,63.93224282030374,fas fa-helmet-battle,#FFFFFF,pin-icon,cls080lzx00tr356fp4rxmunj,cls0xhzg205l5356f9s0ocxue,False
Dark Willow,-50.73585125949352,66.29734979492781,fas fa-helmet-battle,#FFFFFF,pin-icon,cls07xssw00jz356fly2an4dp,cls0xhnjs05ku356ffmnkk4ng,False
Magnus,-50.37351599550328,77.65779416749392,fas fa-helmet-battle,#FFFFFF,pin-icon,cls080t0a00vc356f3jfn4dt6,cls0xh8jo05kt356fczix7qxe,False
Shadow Shaman,-53.99624057101143,83.27502398565804,fas fa-helmet-battle,#FFFFFF,pin-icon,cls09wlhj021a356fzidqqahi,cls0xgyu905kn356fzl2zsldy,False
Axe,-67.58309096839326,73.33062656394577,fas fa-helmet-battle,#FFFFFF,pin-icon,cls07zim200rn356fosn9nij9,cls0xgm4w05kf356f3e8o24w1,False
Centaur Warrunner,-64.4781004742442,69.0695225879327,fas fa-helmet-battle,#FFFFFF,pin-icon,cls07y1db00m3356fct0afc5l,cls0xgib205k9356foomtrgk3,False
Disruptor,-64.0156550814986,71.71206768933615,fas fa-helmet-battle,#FFFFFF,pin-icon,cls07xnnv00ir356fxr01kflz,cls0xgdkw05k8356f40werc1k,False
Lifestealer,-73.3636583777133,75.87407622404659,fas fa-helmet-battle,#FFFFFF,pin-icon,cls0xfelt05i7356fy22g3sh5,cls0xg83e05k1356fchz73cs3,False
Warlock,-74.52968534546638,69.84878341104475,fas fa-helmet-battle,#FFFFFF,pin-icon,cls09v4eb01tf356f9r1l6whq,cls0xe8fp05ho356fuiwpjhm8,False
Troll Warlord,-63.98262326773106,79.50757573847633,fas fa-helmet-battle,#FFFFFF,pin-icon,cls09vj5r01vo356fhogitp3b,cls0xdoht05hk356fk7ydpb2b,False
Earthshaker,-57.47535595552506,49.845006975222596,fas fa-helmet-battle,#FFFFFF,pin-icon,cls07wkv700gn356fq2gp4iob,cls0xd76d05hg356f6tdoywwf,False
Broodmother,-61.47220542139778,48.35857535568315,fas fa-helmet-battle,#FFFFFF,pin-icon,cls07y2y800md356f0v2g5ywz,cls0xcxwb05hf356fhwzx4gpd,False
Phoenix,-65.96453209378365,57.07897419031454,fas fa-helmet-battle,#FFFFFF,pin-icon,cls09wv97022u356f1ds68nds,cls0xcdhw05gw356f897q99gn,False
Dawnbreaker,-66.62516836913451,55.06403355049441,fas fa-helmet-battle,#FFFFFF,pin-icon,cls07xr6700jl356fela1vyrn,cls0xc95t05gt356fsvhdkesv,False
Sand King,-64.80841861191963,62.3310325793539,fas fa-helmet-battle,#FFFFFF,pin-icon,cls09wn4n021o356f9om68hvi,cls0xamqw05gi356flrnwv7eu,False
Lina,-62.264968951818815,57.34322870045489,fas fa-helmet-battle,#FFFFFF,pin-icon,cls080zxm00wt356fj5jw8my2,cls0xafe705gh356ff34yz13s,False
Chen,-69.63660587982183,60.24912972806683,fas fa-helmet-battle,#FFFFFF,pin-icon,cls07xzuz00ln356fva2rnr79,cls0xa73l05gf356fizlj7e3b,False
Silencer,-73.59935196027577,60.364549516817924,fas fa-helmet-battle,#FFFFFF,pin-icon,cls09wguh020y356fu2kezlca,cls0xa0ed05gb356f07i1ws8x,False
Nyx Assassin,-74.22573067440004,50.213311660159235,fas fa-helmet-battle,#FFFFFF,pin-icon,cls09ue3d01ql356fwuy7lw4b,cls0x9hm505ga356feykmk6t7,False
Dazzle,-71.40637597400514,34.3950970478236,fas fa-helmet-battle,#FFFFFF,pin-icon,cls07xpad00j7356f36lf85q4,cls0x965l05g6356fi8wbsef5,False
Huskar,-73.0937027824971,18.994067835733404,fas fa-helmet-battle,#FFFFFF,pin-icon,cls07vezf00eg356f3686rpwa,cls0x8sd705g2356fnqhk66zj,False
Witch Doctor,-58.286993319298375,23.54563690522152,fas fa-helmet-battle,#FFFFFF,pin-icon,cls09uxf401sd356f9bm9sx74,cls0x8img05g1356fwvs1sefd,False
Bloodseeker,-66.20052942143862,24.537497351847314,fas fa-helmet-battle,#FFFFFF,pin-icon,cls07ycli00nv356f69qqv0nt,cls0x84ou05fx356fdyfpvscw,False
Clinkz,-58.62643099806461,84.21132968708174,fas fa-helmet-battle,#FFFFFF,pin-icon,clruslige00ay356hx7u5hba0,clrusq29y00lu356h7tb17jlz,False
Primal Beast,-52.34308072173277,61.19539111599279,fas fa-helmet-battle,#FFFFFF,pin-icon,clpfdl39t001t033cmken3d8h,clpfdrojv002x033cjm8024nb,False
Hoodwink,-54.55031906542029,59.89907653319218,fas fa-helmet-battle,#FFFFFF,pin-icon,clpfdk5fm0012033chu0dsel3,clpfdrdi8002t033cxwi9w738,False
Arc Warden,-54.561997575175255,56.395523606704046,fas fa-helmet-battle,#FFFFFF,pin-icon,clpfdl0wa001n033c779mq7se,clpfdr082002s033c5y5mmg3d,False
Snapfire,-59.04654532108007,59.793969945397535,fas fa-helmet-battle,#FFFFFF,pin-icon,clpfdkoq6001h033ces4z2v0r,clpfdqkep002o033cjfob00pg,False
Muerta,-61.12532005746303,59.60711378931817,fas fa-helmet-battle,#FFFFFF,pin-icon,clpfdkmdy001b033cnzt10j0h,clpfdq64c002k033cdg17iow5,False
Necrophos,-52.352654776015164,73.71893728411946,fas fa-helmet-battle,#FFFFFF,shield-icon,cktmt3w91002g036c1dv2mz8r,clpfd57w80008033c0v9vo7ob,False
Death Prophet,-53.51043363113412,72.09804688695293,fas fa-helmet-battle,#FFFFFF,pin-icon,ckxp883v7000o037cvge0wbdd,clpfd54fg0004033c34p5ncpm,False
Undying,-57.341629115345924,73.31897731598747,fas fa-helmet-battle,#FFFFFF,shield-icon,cktmt422w002p036cp1yo2riq,clpfd50200003033cw1o4jxow,False
Pudge,-59.594035251668245,69.21412501147482,fas fa-helmet-battle,#FFFFFF,shield-icon,cktgimlpg000n036cxkphajeq,clpfd4rz60002033c6vvv9ks8,False
